-- GenApp PostgreSQL DDL + seed data
-- Translated from cics-genapp/base/cntl/db2cre.jcl

-- Create schema
DROP SCHEMA IF EXISTS genapp CASCADE;
CREATE SCHEMA genapp;
SET search_path = genapp;

-- ============================================================
-- TABLES
-- ============================================================

CREATE TABLE customer (
    customerNumber  INTEGER NOT NULL GENERATED BY DEFAULT AS IDENTITY
                    (START WITH 1000001 INCREMENT BY 1 CACHE 20),
    firstName       CHAR(10),
    lastName        CHAR(20),
    dateOfBirth     DATE,
    houseName       CHAR(20),
    houseNumber     CHAR(4),
    postcode        CHAR(8),
    phonehome       CHAR(20),
    phonemobile     CHAR(20),
    emailaddress    CHAR(100),
    PRIMARY KEY (customerNumber)
);

CREATE TABLE customer_secure (
    customerNumber  INTEGER NOT NULL,
    customerPass    CHAR(32),
    state_indicator CHAR(1),
    pass_changes    INTEGER,
    PRIMARY KEY (customerNumber),
    FOREIGN KEY (customerNumber)
        REFERENCES customer (customerNumber)
        ON DELETE CASCADE
);

CREATE TABLE policy (
    policyNumber     INTEGER NOT NULL GENERATED BY DEFAULT AS IDENTITY
                     (START WITH 1000001 INCREMENT BY 1 CACHE 20),
    customerNumber   INTEGER NOT NULL,
    issueDate        DATE,
    expiryDate       DATE,
    policyType       CHAR(1),
    lastChanged      TIMESTAMP NOT NULL DEFAULT NOW(),
    brokerId         INTEGER,
    brokersReference CHAR(10),
    payment          INTEGER,
    commission       SMALLINT,
    PRIMARY KEY (policyNumber),
    FOREIGN KEY (customerNumber)
        REFERENCES customer (customerNumber)
        ON DELETE CASCADE
);

CREATE TABLE endowment (
    policyNumber  INTEGER NOT NULL,
    equities      CHAR(1),
    withProfits   CHAR(1),
    managedFund   CHAR(1),
    fundName      CHAR(10),
    term          SMALLINT,
    sumAssured    INTEGER,
    lifeAssured   CHAR(31),
    paddingData   VARCHAR(32606),
    PRIMARY KEY (policyNumber),
    FOREIGN KEY (policyNumber)
        REFERENCES policy (policyNumber)
        ON DELETE CASCADE
);

CREATE TABLE house (
    policyNumber  INTEGER NOT NULL,
    propertyType  CHAR(15),
    bedrooms      SMALLINT,
    value         INTEGER,
    houseName     CHAR(20),
    houseNumber   CHAR(4),
    postcode      CHAR(8),
    PRIMARY KEY (policyNumber),
    FOREIGN KEY (policyNumber)
        REFERENCES policy (policyNumber)
        ON DELETE CASCADE
);

CREATE TABLE motor (
    policyNumber      INTEGER NOT NULL,
    make              CHAR(15),
    model             CHAR(15),
    value             INTEGER,
    regNumber         CHAR(7),
    colour            CHAR(8),
    cc                SMALLINT,
    yearOfManufacture DATE,
    premium           INTEGER,
    accidents         INTEGER,
    PRIMARY KEY (policyNumber),
    FOREIGN KEY (policyNumber)
        REFERENCES policy (policyNumber)
        ON DELETE CASCADE
);

CREATE TABLE commercial (
    policyNumber    INTEGER      NOT NULL,
    requestDate     TIMESTAMP,
    startDate       DATE,
    renewalDate     DATE,
    address         CHAR(255),
    zipcode         CHAR(8),
    latitudeN       CHAR(11),
    longitudeW      CHAR(11),
    customer        CHAR(255),
    propertyType    CHAR(255),
    firePeril       SMALLINT,
    firePremium     INTEGER,
    crimePeril      SMALLINT,
    crimePremium    INTEGER,
    floodPeril      SMALLINT,
    floodPremium    INTEGER,
    weatherPeril    SMALLINT,
    weatherPremium  INTEGER,
    status          SMALLINT,
    rejectionReason CHAR(255),
    PRIMARY KEY (policyNumber),
    FOREIGN KEY (policyNumber)
        REFERENCES policy (policyNumber)
        ON DELETE CASCADE
);

CREATE TABLE claim (
    claimNumber   INTEGER NOT NULL GENERATED BY DEFAULT AS IDENTITY
                  (START WITH 1000001 INCREMENT BY 1 CACHE 20),
    policyNumber  INTEGER NOT NULL,
    claimDate     DATE,
    paid          INTEGER,
    value         INTEGER,
    cause         CHAR(255),
    observations  CHAR(255),
    PRIMARY KEY (claimNumber),
    FOREIGN KEY (policyNumber)
        REFERENCES policy (policyNumber)
        ON DELETE CASCADE
);

-- ============================================================
-- INDEXES
-- ============================================================

CREATE UNIQUE INDEX iCustomer        ON customer        (customerNumber);
CREATE UNIQUE INDEX iCustomer_secure ON customer_secure (customerNumber);
CREATE UNIQUE INDEX iPolicy          ON policy          (policyNumber);
CREATE        INDEX iPolicy2         ON policy          (customerNumber);
CREATE UNIQUE INDEX iEndowment       ON endowment       (policyNumber);
CREATE UNIQUE INDEX iHouse           ON house           (policyNumber);
CREATE UNIQUE INDEX iMotor           ON motor           (policyNumber);
CREATE UNIQUE INDEX iCommercial      ON commercial      (policyNumber);
CREATE UNIQUE INDEX iClaim           ON claim           (claimNumber);

-- ============================================================
-- SEED DATA
-- ============================================================

INSERT INTO customer (customerNumber,firstName,lastName,dateOfBirth,houseName,houseNumber,postcode,phonehome,phonemobile,emailaddress)
VALUES (1,'Andrew','Pandy','1950-07-11',' ','34','PI101OO','01962 811234','07799 123456','A.Pandy@beebhouse.com');

INSERT INTO customer_secure (customerNumber,customerPass,state_indicator,pass_changes)
VALUES (1,'5732fec825535eeafb8fac50fee3a8aa','N',0);

INSERT INTO customer (customerNumber,firstName,lastName,dateOfBirth,houseName,houseNumber,postcode,phonehome,phonemobile,emailaddress)
VALUES (2,'Scott','Tracey','1965-09-30','Tracey Island','1','TB14TV','001 911911',' ','REFROOM@TBHOLDINGS.COM');

INSERT INTO customer_secure (customerNumber,customerPass,state_indicator,pass_changes)
VALUES (2,'5732fec825535eeafb8fac50fee3a8aa','N',0);

INSERT INTO customer (customerNumber,firstName,lastName,dateOfBirth,houseName,houseNumber,postcode,phonehome,phonemobile,emailaddress)
VALUES (3,'John','Noakes','1934-03-06',' ','70','HX116BP','0207 325656','09008 329855','Noaksey@beebhouse.com');

INSERT INTO customer_secure (customerNumber,customerPass,state_indicator,pass_changes)
VALUES (3,'5732fec825535eeafb8fac50fee3a8aa','N',0);

INSERT INTO customer (customerNumber,firstName,lastName,dateOfBirth,houseName,houseNumber,postcode,phonehome,phonemobile,emailaddress)
VALUES (4,'Louis','Pug','1969-09-06','Picnic Basket','21','PP159DD','0208 344344',' ',' ');

INSERT INTO customer_secure (customerNumber,customerPass,state_indicator,pass_changes)
VALUES (4,'5732fec825535eeafb8fac50fee3a8aa','N',0);

INSERT INTO customer (customerNumber,firstName,lastName,dateOfBirth,houseName,houseNumber,postcode,phonehome,phonemobile,emailaddress)
VALUES (5,'Graham','Cuthbert','1967-01-03',' ','55','TR68BK','0208 344344','01101 499787','A.Cut@CG.co.uk');

INSERT INTO customer_secure (customerNumber,customerPass,state_indicator,pass_changes)
VALUES (5,'5732fec825535eeafb8fac50fee3a8aa','N',0);

INSERT INTO customer (customerNumber,firstName,lastName,dateOfBirth,houseName,houseNumber,postcode,phonehome,phonemobile,emailaddress)
VALUES (6,'Brian','Cant','1933-07-12',' ','58','IP221PL','01855 122134',' ','CANT@beebhouse.com');

INSERT INTO customer_secure (customerNumber,customerPass,state_indicator,pass_changes)
VALUES (6,'5732fec825535eeafb8fac50fee3a8aa','N',0);

INSERT INTO customer (customerNumber,firstName,lastName,dateOfBirth,houseName,houseNumber,postcode,phonehome,phonemobile,emailaddress)
VALUES (7,'Troy','Tempest','1964-10-04','The Ray','48','ST106RY',' ',' ','TROYT@BUSCOMM.COM');

INSERT INTO customer_secure (customerNumber,customerPass,state_indicator,pass_changes)
VALUES (7,'5732fec825535eeafb8fac50fee3a8aa','N',0);

INSERT INTO customer (customerNumber,firstName,lastName,dateOfBirth,houseName,houseNumber,postcode,phonehome,phonemobile,emailaddress)
VALUES (8,'Johnny','Morris','1961-06-20',' ','72','BS83HA','0345 245245','0345 245245','JM@ZOOLAND.CO.UK');

INSERT INTO customer_secure (customerNumber,customerPass,state_indicator,pass_changes)
VALUES (8,'5732fec825535eeafb8fac50fee3a8aa','N',0);

INSERT INTO customer (customerNumber,firstName,lastName,dateOfBirth,houseName,houseNumber,postcode,phonehome,phonemobile,emailaddress)
VALUES (9,'Micky','Murphy','1966-01-03',' ','51','CA316RN',' ',' ',' ');

INSERT INTO customer_secure (customerNumber,customerPass,state_indicator,pass_changes)
VALUES (9,'5732fec825535eeafb8fac50fee3a8aa','N',0);

INSERT INTO customer (customerNumber,firstName,lastName,dateOfBirth,houseName,houseNumber,postcode,phonehome,phonemobile,emailaddress)
VALUES (10,'Susan','Stranks','1938-12-02',' ','68','W1A4WW','0207 845845',' ',' ');

INSERT INTO customer_secure (customerNumber,customerPass,state_indicator,pass_changes)
VALUES (10,'5732fec825535eeafb8fac50fee3a8aa','N',0);

INSERT INTO policy (policyNumber,customerNumber,issueDate,expiryDate,policyType,lastChanged,brokerId,brokersReference,payment,commission)
VALUES (10,1,'2011-08-22','2012-08-21','C','2011-08-22 12:13:01',0,'',0,0);

INSERT INTO policy (policyNumber,customerNumber,issueDate,expiryDate,policyType,lastChanged,brokerId,brokersReference,payment,commission)
VALUES (9,5,'2011-09-23','2012-09-22','C','2011-09-23 17:00:44',0,'',0,0);

INSERT INTO policy (policyNumber,customerNumber,issueDate,expiryDate,policyType,lastChanged,brokerId,brokersReference,payment,commission)
VALUES (5,3,'2011-10-01','2012-09-30','E','2011-10-01 09:31:22',0,'',0,0);

INSERT INTO policy (policyNumber,customerNumber,issueDate,expiryDate,policyType,lastChanged,brokerId,brokersReference,payment,commission)
VALUES (4,8,'2011-08-05','2012-08-04','E','2011-08-05 10:45:19',0,'',0,0);

INSERT INTO policy (policyNumber,customerNumber,issueDate,expiryDate,policyType,lastChanged,brokerId,brokersReference,payment,commission)
VALUES (6,4,'2011-09-01','2011-12-31','H','2011-09-01 22:32:42',0,'',0,0);

INSERT INTO policy (policyNumber,customerNumber,issueDate,expiryDate,policyType,lastChanged,brokerId,brokersReference,payment,commission)
VALUES (7,6,'2011-10-05','2012-10-04','C','2011-10-09 16:50:00',0,'',0,0);

INSERT INTO policy (policyNumber,customerNumber,issueDate,expiryDate,policyType,lastChanged,brokerId,brokersReference,payment,commission)
VALUES (8,9,'2011-08-12','2012-08-11','H','2011-08-12 11:11:01',0,'',0,0);

INSERT INTO policy (policyNumber,customerNumber,issueDate,expiryDate,policyType,lastChanged,brokerId,brokersReference,payment,commission)
VALUES (1,2,'2011-05-11','2012-05-10','M','2011-05-11 17:12:17',0,'',0,0);

INSERT INTO policy (policyNumber,customerNumber,issueDate,expiryDate,policyType,lastChanged,brokerId,brokersReference,payment,commission)
VALUES (3,5,'2011-09-08','2012-09-07','M','2011-09-08 13:14:45',0,'',0,0);

INSERT INTO policy (policyNumber,customerNumber,issueDate,expiryDate,policyType,lastChanged,brokerId,brokersReference,payment,commission)
VALUES (2,10,'2011-10-31','2012-10-30','M','2011-10-31 10:22:46',0,'',0,0);

INSERT INTO endowment (policyNumber,equities,withProfits,managedFund,fundName,term,sumAssured,lifeAssured)
VALUES (5,'N','N','N','SHEPPA',10,50000,'Shep');

INSERT INTO endowment (policyNumber,equities,withProfits,managedFund,fundName,term,sumAssured,lifeAssured)
VALUES (4,'Y','Y','N','LIONTMR',5,12500,'J. MORRIS');

INSERT INTO house (policyNumber,propertyType,bedrooms,value,houseName,houseNumber,postcode)
VALUES (6,'HOUSE',5,1500000,' ','   5','SO211UP');

INSERT INTO house (policyNumber,propertyType,bedrooms,value,houseName,houseNumber,postcode)
VALUES (7,'FARM',8,3750000,'HOME FARM','   4','SO529ED');

INSERT INTO house (policyNumber,propertyType,bedrooms,value,houseName,houseNumber,postcode)
VALUES (8,'FLAT',1,260000,' ',' 12b','E15WW');

INSERT INTO motor (policyNumber,make,model,value,regNumber,colour,cc,yearOfManufacture,premium,accidents)
VALUES (1,'FORD','KA',8500,'LL60LOO','ORANGE',1000,'1999-07-19',450,0);

INSERT INTO motor (policyNumber,make,model,value,regNumber,colour,cc,yearOfManufacture,premium,accidents)
VALUES (3,'DENNIS','ENGINE',23500,'FIRE1','RED',5000,'1973-05-13',2850,12);

INSERT INTO motor (policyNumber,make,model,value,regNumber,colour,cc,yearOfManufacture,premium,accidents)
VALUES (2,'VOLKSWAGEN','BEETLE',600,'A567WWR','PURPLE',1200,'1968-10-31',700,1);

INSERT INTO commercial (policyNumber,requestDate,startDate,renewalDate,address,zipcode,latitudeN,longitudeW,customer,propertyType,firePeril,firePremium,crimePeril,crimePremium,floodPeril,floodPremium,weatherPeril,weatherPremium,status,rejectionReason)
VALUES (10,'2011-08-23 10:44:34','2011-08-25','2011-08-24','HURSLEY PARK','SO212JN','51.026701','-1.398903','IBM','OFFICES',3,8000,3,25000,5,2000,4,5000,1,'ACTIVE');

INSERT INTO commercial (policyNumber,requestDate,startDate,renewalDate,address,zipcode,latitudeN,longitudeW,customer,propertyType,firePeril,firePremium,crimePeril,crimePremium,floodPeril,floodPremium,weatherPeril,weatherPremium,status,rejectionReason)
VALUES (9,'2011-07-17 13:13:09','2011-08-01','2011-07-30','TURF MOOR','BB104BX','53.78847','-2.230325','Burnley Football Club','STADIUM',1,44000,2,25000,3,15000,4,6000,1,'ACTIVE');
